{"cameraMode":{"drawMode":0,"name":"Shaded","section":"Shading Mode"},"sceneLighting":true,"audioPlay":false,"sceneViewState":{"showFog":true,"showMaterialUpdate":false,"showSkybox":true,"showFlares":true,"showImageEffects":true,"showParticleSystems":true},"in2DMode":false,"pivot":{"x":195.87429809570313,"y":148.87872314453126,"z":-46.50689697265625},"rotation":{"x":-0.0008088952745310962,"y":0.9959124326705933,"z":0.008963460102677346,"w":0.0898749828338623},"size":922.4513549804688,"orthographic":false}